username,password,email,phone_number
Festive,Festive,festive@gmail.com,823-608-2417
Javier,Javier,javier@gmail.com,718-680-7937
Skyy12,Skyy12,skyy12@gmail.com,676-737-5089
Martin,Martin,martin@gmail.com,913-607-0188
Gil225,Gil225,gil225@gmail.com,426-001-4994
Susan8,Susan8,susan8@gmail.com,394-666-3799
Juliet,Juliet,juliet@gmail.com,233-398-0156
Molly6,Molly6,molly6@gmail.com,122-280-1305
Patricia,Patricia,patricia@gmail.com,297-829-9134
Charlaine,Charlaine,charlaine@gmail.com,425-545-3164
Bozena,Bozena,bozena@gmail.com,124-391-2184
Magda3,Magda3,magda3@gmail.com,461-623-5141
Arman2,Arman2,arman2@gmail.com,341-227-7532
Isabelle,Isabelle,isabelle@gmail.com,863-134-4200
Zachary,Zachary,zachary@gmail.com,824-391-4100
Massimo,Massimo,massimo@gmail.com,234-440-2896
Mike84,Mike84,mike84@gmail.com,168-845-5686
Christopher,Christopher,christopher@gmail.com,723-611-4806
Leigh8,Leigh8,leigh8@gmail.com,847-702-0209
Harriet,Harriet,harriet@gmail.com,996-608-5653
Ron687,Ron687,ron687@gmail.com,131-402-7527
Bob392,Bob392,bob392@gmail.com,150-555-6586
Alfredo,Alfredo,alfredo@gmail.com,513-159-7461
Laura9,Laura9,laura9@gmail.com,322-685-8907
Dawn79,Dawn79,dawn79@gmail.com,501-110-0064
Neelum,Neelum,neelum@gmail.com,290-809-8975
Shannon,Shannon,shannon@gmail.com,666-709-0797
Ken278,Ken278,ken278@gmail.com,148-721-9888
Tanya9,Tanya9,tanya9@gmail.com,427-865-1908
Paul86,Paul86,paul86@gmail.com,805-192-9995
James5,James5,james5@gmail.com,668-463-2279
David3,David3,david3@gmail.com,622-508-0166
Nathalie,Nathalie,nathalie@gmail.com,207-758-1717
Amer87,Amer87,amer87@gmail.com,750-155-1296
Sharlene,Sharlene,sharlene@gmail.com,102-147-3934
Andy93,Andy93,andy93@gmail.com,443-593-3056
Dharma,Dharma,dharma@gmail.com,709-703-5179
Susie8,Susie8,susie8@gmail.com,279-818-9491
O.Shirle,O.Shirle,o.shirle@gmail.com,262-751-5393
Vicky8,Vicky8,vicky8@gmail.com,507-505-1026
Nathan,Nathan,nathan@gmail.com,719-494-5640
Robert,Robert,robert@gmail.com,272-470-8898
Jose38,Jose38,jose38@gmail.com,318-005-2442
Colby5,Colby5,colby5@gmail.com,701-871-4075
Michael,Michael,michael@gmail.com,733-595-3269
Stephen,Stephen,stephen@gmail.com,730-711-6661
Mat767,Mat767,mat767@gmail.com,462-060-2369
Michelle,Michelle,michelle@gmail.com,749-864-3324
Alcee8,Alcee8,alcee8@gmail.com,839-332-4003
Steve10,Steve10,steve10@gmail.com,131-653-0743
